{"loss": [1.7330505847930908, 1.210706114768982, 0.9224225878715515, 0.7633816003799438, 0.6701871752738953, 0.5752405524253845, 0.5284655690193176, 0.4537384808063507, 0.4394071698188782, 0.39506804943084717], "accuracy": [0.3785937428474426, 0.5739062428474426, 0.6756250262260437, 0.7248437404632568, 0.7606250047683716, 0.7965624928474426, 0.8179687261581421, 0.8393750190734863, 0.8389062285423279, 0.8623437285423279], "val_loss": [1.3649603128433228, 1.0429062843322754, 0.8715516924858093, 0.7953838109970093, 0.7232591509819031, 0.6680972576141357, 0.6394663453102112, 0.599731981754303, 0.6497370004653931, 0.6023446917533875], "val_accuracy": [0.5724999904632568, 0.6712499856948853, 0.71875, 0.7537500262260437, 0.7962499856948853, 0.800000011920929, 0.8087499737739563, 0.8262500166893005, 0.8224999904632568, 0.8362500071525574]}